{
  "_disable_preprocessor_api": false,
  "_fake_gpus": false,
  "_tf_policy_handles_more_than_one_loss": false,
  "action_space": null,
  "actions_in_input_normalized": false,
  "batch_mode": "truncate_episodes",
  "callbacks": "<class 'ray.rllib.agents.callbacks.DefaultCallbacks'>",
  "clip_actions": false,
  "clip_param": 0.3,
  "clip_rewards": null,
  "collect_metrics_timeout": 180,
  "compress_observations": false,
  "create_env_on_driver": false,
  "custom_eval_function": null,
  "custom_resources_per_worker": {},
  "eager_max_retraces": 20,
  "eager_tracing": true,
  "entropy_coeff": 0.0,
  "entropy_coeff_schedule": null,
  "env": "<class 'agents.hierachy_agents.hier_env.HierEnv'>",
  "env_config": {
    "null": 0
  },
  "env_task_fn": null,
  "evaluation_config": {},
  "evaluation_interval": null,
  "evaluation_num_episodes": 10,
  "evaluation_num_workers": 0,
  "evaluation_parallel_to_training": false,
  "exploration_config": {
    "type": "StochasticSampling"
  },
  "explore": true,
  "extra_python_environs_for_driver": {},
  "extra_python_environs_for_worker": {},
  "fake_sampler": false,
  "framework": "torch",
  "gamma": 0.99,
  "grad_clip": null,
  "horizon": null,
  "ignore_worker_failures": false,
  "in_evaluation": false,
  "input": "sampler",
  "input_config": {},
  "input_evaluation": [
    "is",
    "wis"
  ],
  "kl_coeff": 0.2,
  "kl_target": 0.01,
  "lambda": 1.0,
  "local_tf_session_args": {
    "inter_op_parallelism_threads": 8,
    "intra_op_parallelism_threads": 8
  },
  "log_level": "WARN",
  "log_sys_usage": true,
  "logger_config": null,
  "lr": 0.0001,
  "lr_schedule": null,
  "metrics_smoothing_episodes": 100,
  "min_iter_time_s": 0,
  "model": {
    "_disable_preprocessor_api": false,
    "_time_major": false,
    "_use_default_native_models": false,
    "attention_dim": 64,
    "attention_head_dim": 32,
    "attention_init_gru_gate_bias": 2.0,
    "attention_memory_inference": 50,
    "attention_memory_training": 50,
    "attention_num_heads": 1,
    "attention_num_transformer_units": 1,
    "attention_position_wise_mlp_dim": 32,
    "attention_use_n_prev_actions": 0,
    "attention_use_n_prev_rewards": 0,
    "conv_activation": "relu",
    "conv_filters": null,
    "custom_action_dist": null,
    "custom_model": "CybORG_hier_Model",
    "custom_model_config": {},
    "custom_preprocessor": null,
    "dim": 84,
    "fcnet_activation": "tanh",
    "fcnet_hiddens": [
      256,
      256
    ],
    "framestack": true,
    "free_log_std": false,
    "grayscale": false,
    "lstm_cell_size": 256,
    "lstm_use_prev_action": false,
    "lstm_use_prev_action_reward": -1,
    "lstm_use_prev_reward": false,
    "max_seq_len": 20,
    "no_final_linear": false,
    "post_fcnet_activation": "relu",
    "post_fcnet_hiddens": [],
    "use_attention": false,
    "use_lstm": false,
    "vf_share_layers": true,
    "zero_mean": true
  },
  "monitor": -1,
  "multiagent": {
    "count_steps_by": "env_steps",
    "observation_fn": null,
    "policies": {},
    "policies_to_train": null,
    "policy_map_cache": null,
    "policy_map_capacity": 100,
    "policy_mapping_fn": null,
    "replay_mode": "independent"
  },
  "no_done_at_end": false,
  "normalize_actions": true,
  "num_cpus_for_driver": 1,
  "num_cpus_per_worker": 1,
  "num_envs_per_worker": 1,
  "num_gpus": 0,
  "num_gpus_per_worker": 0,
  "num_sgd_iter": 30,
  "num_workers": 0,
  "observation_filter": "NoFilter",
  "observation_space": null,
  "optimizer": {},
  "output": null,
  "output_compress_columns": [
    "obs",
    "new_obs"
  ],
  "output_max_file_size": 67108864,
  "placement_strategy": "PACK",
  "postprocess_inputs": false,
  "preprocessor_pref": "deepmind",
  "record_env": false,
  "remote_env_batch_wait_ms": 0,
  "remote_worker_envs": false,
  "render_env": false,
  "rollout_fragment_length": 200,
  "sample_async": false,
  "sample_collector": "<class 'ray.rllib.evaluation.collectors.simple_list_collector.SimpleListCollector'>",
  "seed": null,
  "sgd_minibatch_size": 128,
  "shuffle_buffer_size": 0,
  "shuffle_sequences": true,
  "simple_optimizer": -1,
  "soft_horizon": false,
  "synchronize_filters": true,
  "tf_session_args": {
    "allow_soft_placement": true,
    "device_count": {
      "CPU": 1
    },
    "gpu_options": {
      "allow_growth": true
    },
    "inter_op_parallelism_threads": 2,
    "intra_op_parallelism_threads": 2,
    "log_device_placement": false
  },
  "timesteps_per_iteration": 0,
  "train_batch_size": 4000,
  "use_critic": true,
  "use_gae": true,
  "vf_clip_param": 10.0,
  "vf_loss_coeff": 0.01,
  "vf_share_layers": -1
}